timestamp,attack.type,request.url,request.method,request.headers.authorization,request.headers.user-agent,request.headers.x-api-tran-id,request.headers.x-api-type,request.headers.x-csrf-token,request.headers.cookie,request.headers.set_cookie,request.headers.content-type,request.headers.content-length,request.body,response.headers.x-api-tran-id,response.headers.content-type,response.body,response.status

2025-03-17T09:10:32.663Z,,http://localhost:3000/api/v2/mgmts/oauth/2.0/token,POST,,node,anya123456SMUQLIH4U7HSROO,,,,,application/x-www-form-urlencoded,168,"{""grant_type"":""client_credentials"",""client_id"":""wcf8rjy6kphudsnea0l3ytkpdhqrvcxz1578m4q7xv9zb2tgca"",""client_secret"":""a0l3ytkpdhqrvcfz926btm4q7xv9zb2tgc8rjy6kphudsnew5o"",""scope"":""manage""}",anya123456SMUQLIH4U7HSROO,application/json;charset=UTF-8,"{""rsp_code"":""0000"",""rsp_msg"":""Success"",""token_type"":""Bearer"",""access_token"":""eyJhbGciOiJIUzI1NiIsInR5cCI6IkpXVCJ9.eyJpc3MiOiJjZXJ0aWZpY2F0aW9uLWF1dGhvcml0eSIsInN1YiI6IndjZjhyank2a3BodWRzbmVhMGwzeXRrcGRocXJ2Y3h6MTU3OG00cTd4djl6YjJ0Z2NhIiwiYXVkIjpbImFueWExMjM0NTYiLCJjZXJ0aWZpY2F0aW9uLWF1dGhvcml0eS1tYW5hZ2VtZW50Il0sImp0aSI6ImY5OTYwM2NhLWRmNjUtNDBkZS05MzFiLTZhMjU3ODliZWFjOCIsImlhdCI6MTc0MjIwMjYzMiwiZXhwIjoxNzQyMjA2MjMyLCJzY29wZSI6WyJtYW5hZ2UiXX0.fs56sxdghaf-o5nMicUoQa_umE6wYtkbP9xPgWmtAz8"",""expires_in"":3600,""scope"":""manage"",""timestamp"":""20250317091032""}",200
2025-03-17T09:10:32.929Z,,http://localhost:3000/api/v2/mgmts/orgs?search_timestamp=,GET,Bearer eyJhbGciOiJIUzI1NiIsInR5cCI6IkpXVCJ9.eyJpc3MiOiJjZXJ0aWZpY2F0aW9uLWF1dGhvcml0eSIsInN1YiI6IndjZjhyank2a3BodWRzbmVhMGwzeXRrcGRocXJ2Y3h6MTU3OG00cTd4djl6YjJ0Z2NhIiwiYXVkIjpbImFueWExMjM0NTYiLCJjZXJ0aWZpY2F0aW9uLWF1dGhvcml0eS1tYW5hZ2VtZW50Il0sImp0aSI6ImY5OTYwM2NhLWRmNjUtNDBkZS05MzFiLTZhMjU3ODliZWFjOCIsImlhdCI6MTc0MjIwMjYzMiwiZXhwIjoxNzQyMjA2MjMyLCJzY29wZSI6WyJtYW5hZ2UiXX0.fs56sxdghaf-o5nMicUoQa_umE6wYtkbP9xPgWmtAz8,node,anya123456SALNHBTOB2O22LU,,,,,application/json;charset=UTF-8,,"""""",anya123456SALNHBTOB2O22LU,application/json;charset=UTF-8,"{""rsp_code"":""0000"",""rsp_msg"":""Success"",""search_timestamp"":""20250317091032"",""org_cnt"":2,""org_list"":[{""id"":""4038a0f9-c51a-4578-b5e7-a3a525bd6135"",""name"":""Bond Bank"",""opType"":""I"",""orgCode"":""bond123456"",""orgType"":""01"",""authType"":""01"",""industry"":""bank"",""serialNum"":""bondserial00"",""createdAt"":""2025-02-12T07:14:10.661Z"",""updatedAt"":""2025-02-12T07:14:10.661Z""},{""id"":""441d9a01-ef41-494f-8743-c55f269827d9"",""name"":""Anya Bank"",""opType"":""I"",""orgCode"":""anya123456"",""orgType"":""01"",""authType"":""01"",""industry"":""bank"",""serialNum"":""anyaserial00"",""createdAt"":""2025-02-12T07:14:09.343Z"",""updatedAt"":""2025-02-12T07:14:09.343Z""}]}",200
2025-03-17T09:10:33.152Z,,http://localhost:3000/api/oauth/2.0/token,POST,,node,anya123456SQFTRRHYZE9ZLM6,,,,,application/x-www-form-urlencoded,164,"{""grant_type"":""client_credentials"",""client_id"":""wcf8rjy6kphudsnea0l3ytkpdhqrvcxz1578m4q7xv9zb2tgca"",""client_secret"":""a0l3ytkpdhqrvcfz926btm4q7xv9zb2tgc8rjy6kphudsnew5o"",""scope"":""ca""}",anya123456SQFTRRHYZE9ZLM6,application/json;charset=UTF-8,"{""rsp_code"":""0000"",""rsp_msg"":""Success"",""token_type"":""Bearer"",""access_token"":""eyJhbGciOiJIUzI1NiIsInR5cCI6IkpXVCJ9.eyJpc3MiOiJjZXJ0aWZpY2F0aW9uLWF1dGhvcml0eSIsInN1YiI6IndjZjhyank2a3BodWRzbmVhMGwzeXRrcGRocXJ2Y3h6MTU3OG00cTd4djl6YjJ0Z2NhIiwiYXVkIjpbImFueWExMjM0NTYiLCJjZXJ0aWZpY2F0aW9uLWF1dGhvcml0eSJdLCJqdGkiOiJiZTZjZDg1MC03OTA4LTQzYzQtOWNhZi1jYzgyOWIzMWI5MjYiLCJpYXQiOjE3NDIyMDI2MzMsImV4cCI6MTc0MjIwNjIzMywic2NvcGUiOlsiY2EiXX0.y9R0TWY7nbgDCjxyYpLrX8jBs4lKlGOKT_hXHeJsukI"",""expires_in"":3600,""scope"":""ca"",""issued_at"":1742202633}",200
2025-03-17T09:10:35.834Z,,http://localhost:3000/api/ca/sign_request,POST,Bearer eyJhbGciOiJIUzI1NiIsInR5cCI6IkpXVCJ9.eyJpc3MiOiJjZXJ0aWZpY2F0aW9uLWF1dGhvcml0eSIsInN1YiI6IndjZjhyank2a3BodWRzbmVhMGwzeXRrcGRocXJ2Y3h6MTU3OG00cTd4djl6YjJ0Z2NhIiwiYXVkIjpbImFueWExMjM0NTYiLCJjZXJ0aWZpY2F0aW9uLWF1dGhvcml0eSJdLCJqdGkiOiJiZTZjZDg1MC03OTA4LTQzYzQtOWNhZi1jYzgyOWIzMWI5MjYiLCJpYXQiOjE3NDIyMDI2MzMsImV4cCI6MTc0MjIwNjIzMywic2NvcGUiOlsiY2EiXX0.y9R0TWY7nbgDCjxyYpLrX8jBs4lKlGOKT_hXHeJsukI,node,anya123456SPFIBANJSSHDKKM,,,,,application/json;charset=UTF-8,571,"{""sign_tx_id"":""anya123456_certauth00_20250317091035_bondserial00"",""user_ci"":""MTgzMjU3"",""real_name"":""Margarett Abernathy"",""phone_num"":""+821095656580"",""request_title"":""Request for Consent to Use Personal Information for Service Improvement"",""device_code"":""MO"",""device_browser"":""WB"",""return_app_scheme_url"":""https://anya-bank.com/return"",""consent_type"":""1"",""consent_cnt"":1,""consent_list"":[{""tx_id"":""MD_anya123456_bond123456_ra20250003_certauth00_20250317091035_XXAB00490000"",""consent_title"":""Consent Request for Transmission"",""consent"":""Y29uc2VudC0wMDI="",""consent_len"":16}]}",anya123456SPFIBANJSSHDKKM,application/json;charset=UTF-8,"{""rsp_code"":""0000"",""rsp_msg"":""Electronic signature request successful, cert_tx_id has been provided."",""sign_ios_app_scheme_url"":""mydataauth://auth?tx_id=20250317091035197e3ce75d554a8abefa93c594"",""sign_aos_app_scheme_url"":""mydataauth://auth?tx_id=20250317091035197e3ce75d554a8abefa93c594"",""sign_web_url"":""https://mydataauth.com/auth?tx_id=20250317091035197e3ce75d554a8abefa93c594"",""cert_tx_id"":""20250317091035197e3ce75d554a8abefa93c594""}",200
2025-03-17T09:10:40.290Z,,http://localhost:3000/api/ca/sign_result,POST,Bearer eyJhbGciOiJIUzI1NiIsInR5cCI6IkpXVCJ9.eyJpc3MiOiJjZXJ0aWZpY2F0aW9uLWF1dGhvcml0eSIsInN1YiI6IndjZjhyank2a3BodWRzbmVhMGwzeXRrcGRocXJ2Y3h6MTU3OG00cTd4djl6YjJ0Z2NhIiwiYXVkIjpbImFueWExMjM0NTYiLCJjZXJ0aWZpY2F0aW9uLWF1dGhvcml0eSJdLCJqdGkiOiJiZTZjZDg1MC03OTA4LTQzYzQtOWNhZi1jYzgyOWIzMWI5MjYiLCJpYXQiOjE3NDIyMDI2MzMsImV4cCI6MTc0MjIwNjIzMywic2NvcGUiOlsiY2EiXX0.y9R0TWY7nbgDCjxyYpLrX8jBs4lKlGOKT_hXHeJsukI,node,anya123456SYZGPVSF5PGJ7KJ,,,,,application/json;charset=UTF-8,122,"{""sign_tx_id"":""anya123456_certauth00_20250317091035_bondserial00"",""cert_tx_id"":""20250317091035197e3ce75d554a8abefa93c594""}",anya123456SYZGPVSF5PGJ7KJ,application/json;charset=UTF-8,"{""rsp_code"":""0000"",""rsp_msg"":""Success"",""signed_consent_cnt"":1,""signed_consent_list"":[{""signed_consent_len"":212,""signed_consent"":""eyJ0eXBlIjoiU2lnbmVkQ29uc2VudCIsInZlcnNpb24iOiIxLjAiLCJjb25zZW50IjoiWTI5dWMyVnVkQzB3TURJPSIsInRpbWVzdGFtcCI6IjIwMjUtMDMtMTdUMDk6MTA6NDAuMjI3WiIsInByaXZhdGVLZXkiOiJjZXJ0aWZpY2F0aW9uLWF1dGhvcml0eS1wcml2YXRlLWtleSJ9"",""tx_id"":""MD_anya123456_bond123456_ra20250003_certauth00_20250317091035_XXAB00490000"",""user_id"":""c1ad60b9-6562-4650-944b-1178595d4fb0"",""certificate_id"":""24b56bfd-64ce-4d64-8748-6c391348088e""}]}",200
2025-03-17T09:10:47.204Z,,http://localhost:3000/api/ca/sign_verification,POST,Bearer eyJhbGciOiJIUzI1NiIsInR5cCI6IkpXVCJ9.eyJhdWQiOiJ3Y2Y4cmp5NmtwaHVkc25lYTBsM3l0a3BkaHFydmN4ejE1NzhtNHE3eHY5emIydGdjYSIsImp0aSI6ImFmNWQ3ZjVjLTY3ZjQtNDg0Yi04NGY4LTVhNDUwNWIyOTIwMiIsImV4cCI6MTc0MjIwNjI0NCwic2NvcGUiOiJpcCIsImlhdCI6MTc0MjIwMjY0NH0.zNXHGm41WB3ZXzeI4DGhgxPHxnbOgQG7usSEQA_kU7o,node,anya123456SYV2JN83N9OOHEG,,,,,application/json;charset=UTF-8,464,"{""tx_id"":""MD_anya123456_bond123456_ra20250003_certauth00_20250317091035_XXAB00490000"",""cert_tx_id"":""20250317091035197e3ce75d554a8abefa93c594"",""signed_consent_len"":212,""signed_consent"":""eyJ0eXBlIjoiU2lnbmVkQ29uc2VudCIsInZlcnNpb24iOiIxLjAiLCJjb25zZW50IjoiWTI5dWMyVnVkQzB3TURJPSIsInRpbWVzdGFtcCI6IjIwMjUtMDMtMTdUMDk6MTA6NDAuMjI3WiIsInByaXZhdGVLZXkiOiJjZXJ0aWZpY2F0aW9uLWF1dGhvcml0eS1wcml2YXRlLWtleSJ9"",""consent_type"":""1"",""consent_len"":16,""consent"":""Y29uc2VudC0wMDI=""}",anya123456SYV2JN83N9OOHEG,application/json;charset=UTF-8,"{""tx_id"":""MD_anya123456_bond123456_ra20250003_certauth00_20250317091035_XXAB00490000"",""rsp_code"":""0000"",""rsp_msg"":""Success"",""result"":true,""user_ci"":""MTgzMjU3""}",200
2025-03-17T09:10:48.480Z,,http://localhost:3000/api/v2/mgmts/oauth/2.0/token,POST,,node,anya123456SROVXUZPY5NQ3VC,,,,,application/x-www-form-urlencoded,168,"{""grant_type"":""client_credentials"",""client_id"":""wcf8rjy6kphudsnea0l3ytkpdhqrvcxz1578m4q7xv9zb2tgca"",""client_secret"":""a0l3ytkpdhqrvcfz926btm4q7xv9zb2tgc8rjy6kphudsnew5o"",""scope"":""manage""}",anya123456SROVXUZPY5NQ3VC,application/json;charset=UTF-8,"{""rsp_code"":""0000"",""rsp_msg"":""Success"",""token_type"":""Bearer"",""access_token"":""eyJhbGciOiJIUzI1NiIsInR5cCI6IkpXVCJ9.eyJpc3MiOiJjZXJ0aWZpY2F0aW9uLWF1dGhvcml0eSIsInN1YiI6IndjZjhyank2a3BodWRzbmVhMGwzeXRrcGRocXJ2Y3h6MTU3OG00cTd4djl6YjJ0Z2NhIiwiYXVkIjpbImFueWExMjM0NTYiLCJjZXJ0aWZpY2F0aW9uLWF1dGhvcml0eS1tYW5hZ2VtZW50Il0sImp0aSI6ImY4ZWZjZGQ2LTAzOGUtNDQ0NS1iMDcxLTk4YmJhNjhiMmYyZiIsImlhdCI6MTc0MjIwMjY0OCwiZXhwIjoxNzQyMjA2MjQ4LCJzY29wZSI6WyJtYW5hZ2UiXX0.T7btnrBpWMIbfKjL41h8eR8De1Vbed68wQ64_Bt0bTQ"",""expires_in"":3600,""scope"":""manage"",""timestamp"":""20250317091048""}",200
2025-03-17T09:10:48.642Z,,http://localhost:3000/api/v2/mgmts/orgs?search_timestamp=,GET,Bearer eyJhbGciOiJIUzI1NiIsInR5cCI6IkpXVCJ9.eyJpc3MiOiJjZXJ0aWZpY2F0aW9uLWF1dGhvcml0eSIsInN1YiI6IndjZjhyank2a3BodWRzbmVhMGwzeXRrcGRocXJ2Y3h6MTU3OG00cTd4djl6YjJ0Z2NhIiwiYXVkIjpbImFueWExMjM0NTYiLCJjZXJ0aWZpY2F0aW9uLWF1dGhvcml0eS1tYW5hZ2VtZW50Il0sImp0aSI6ImY4ZWZjZGQ2LTAzOGUtNDQ0NS1iMDcxLTk4YmJhNjhiMmYyZiIsImlhdCI6MTc0MjIwMjY0OCwiZXhwIjoxNzQyMjA2MjQ4LCJzY29wZSI6WyJtYW5hZ2UiXX0.T7btnrBpWMIbfKjL41h8eR8De1Vbed68wQ64_Bt0bTQ,node,anya123456SVQ1YRANJ9WYGWT,,,,,application/json;charset=UTF-8,,"""""",anya123456SVQ1YRANJ9WYGWT,application/json;charset=UTF-8,"{""rsp_code"":""0000"",""rsp_msg"":""Success"",""search_timestamp"":""20250317091048"",""org_cnt"":2,""org_list"":[{""id"":""4038a0f9-c51a-4578-b5e7-a3a525bd6135"",""name"":""Bond Bank"",""opType"":""I"",""orgCode"":""bond123456"",""orgType"":""01"",""authType"":""01"",""industry"":""bank"",""serialNum"":""bondserial00"",""createdAt"":""2025-02-12T07:14:10.661Z"",""updatedAt"":""2025-02-12T07:14:10.661Z""},{""id"":""441d9a01-ef41-494f-8743-c55f269827d9"",""name"":""Anya Bank"",""opType"":""I"",""orgCode"":""anya123456"",""orgType"":""01"",""authType"":""01"",""industry"":""bank"",""serialNum"":""anyaserial00"",""createdAt"":""2025-02-12T07:14:09.343Z"",""updatedAt"":""2025-02-12T07:14:09.343Z""}]}",200
2025-03-17T09:10:48.836Z,,http://localhost:3000/api/oauth/2.0/token,POST,,node,anya123456SPKFLRVLIQPJP65,,,,,application/x-www-form-urlencoded,164,"{""grant_type"":""client_credentials"",""client_id"":""wcf8rjy6kphudsnea0l3ytkpdhqrvcxz1578m4q7xv9zb2tgca"",""client_secret"":""a0l3ytkpdhqrvcfz926btm4q7xv9zb2tgc8rjy6kphudsnew5o"",""scope"":""ca""}",anya123456SPKFLRVLIQPJP65,application/json;charset=UTF-8,"{""rsp_code"":""0000"",""rsp_msg"":""Success"",""token_type"":""Bearer"",""access_token"":""eyJhbGciOiJIUzI1NiIsInR5cCI6IkpXVCJ9.eyJpc3MiOiJjZXJ0aWZpY2F0aW9uLWF1dGhvcml0eSIsInN1YiI6IndjZjhyank2a3BodWRzbmVhMGwzeXRrcGRocXJ2Y3h6MTU3OG00cTd4djl6YjJ0Z2NhIiwiYXVkIjpbImFueWExMjM0NTYiLCJjZXJ0aWZpY2F0aW9uLWF1dGhvcml0eSJdLCJqdGkiOiIwZTcxMTAyMC1iMDIyLTQyOTktYTExZi0xYmU0ZjQwOGMzOWQiLCJpYXQiOjE3NDIyMDI2NDgsImV4cCI6MTc0MjIwNjI0OCwic2NvcGUiOlsiY2EiXX0.o5ZuBZXFnFUaRTd82ff0pdG1gO18i5JTWn6jN6GJcZI"",""expires_in"":3600,""scope"":""ca"",""issued_at"":1742202648}",200
2025-03-17T09:10:51.345Z,,http://localhost:3000/api/ca/sign_request,POST,Bearer eyJhbGciOiJIUzI1NiIsInR5cCI6IkpXVCJ9.eyJpc3MiOiJjZXJ0aWZpY2F0aW9uLWF1dGhvcml0eSIsInN1YiI6IndjZjhyank2a3BodWRzbmVhMGwzeXRrcGRocXJ2Y3h6MTU3OG00cTd4djl6YjJ0Z2NhIiwiYXVkIjpbImFueWExMjM0NTYiLCJjZXJ0aWZpY2F0aW9uLWF1dGhvcml0eSJdLCJqdGkiOiIwZTcxMTAyMC1iMDIyLTQyOTktYTExZi0xYmU0ZjQwOGMzOWQiLCJpYXQiOjE3NDIyMDI2NDgsImV4cCI6MTc0MjIwNjI0OCwic2NvcGUiOlsiY2EiXX0.o5ZuBZXFnFUaRTd82ff0pdG1gO18i5JTWn6jN6GJcZI,node,anya123456SFUVI0LFWVTMOTO,,,,,application/json;charset=UTF-8,769,"{""sign_tx_id"":""anya123456_certauth00_20250317091050_anyaserial00"",""user_ci"":""MjM5NDgx"",""real_name"":""Jeanne Towne"",""phone_num"":""+821090864443"",""request_title"":""Request for Consent to Use Personal Information for Service Development"",""device_code"":""PC"",""device_browser"":""WB"",""return_app_scheme_url"":""https://anya-bank.com/return"",""consent_type"":""1"",""consent_cnt"":2,""consent_list"":[{""tx_id"":""MD_anya123456_bond123456_ra20250003_certauth00_20250317091050_XXAB00490000"",""consent_title"":""Consent Request for Transmission"",""consent"":""Y29uc2VudC0wMDQ="",""consent_len"":16},{""tx_id"":""MD_anya123456_bond123456_ra20250003_certauth00_20250317091050_XXAB00490001"",""consent_title"":""Consent to Collection and Use of Personal Information"",""consent"":""Y29uc2VudC0wMDM="",""consent_len"":16}]}",anya123456SFUVI0LFWVTMOTO,application/json;charset=UTF-8,"{""rsp_code"":""0000"",""rsp_msg"":""Electronic signature request successful, cert_tx_id has been provided."",""sign_ios_app_scheme_url"":""mydataauth://auth?tx_id=202503170910504c6377644ffb4f39ae9c91e021"",""sign_aos_app_scheme_url"":""mydataauth://auth?tx_id=202503170910504c6377644ffb4f39ae9c91e021"",""sign_web_url"":""https://mydataauth.com/auth?tx_id=202503170910504c6377644ffb4f39ae9c91e021"",""cert_tx_id"":""202503170910504c6377644ffb4f39ae9c91e021""}",200
2025-03-17T09:10:55.781Z,,http://localhost:3000/api/ca/sign_result,POST,Bearer eyJhbGciOiJIUzI1NiIsInR5cCI6IkpXVCJ9.eyJpc3MiOiJjZXJ0aWZpY2F0aW9uLWF1dGhvcml0eSIsInN1YiI6IndjZjhyank2a3BodWRzbmVhMGwzeXRrcGRocXJ2Y3h6MTU3OG00cTd4djl6YjJ0Z2NhIiwiYXVkIjpbImFueWExMjM0NTYiLCJjZXJ0aWZpY2F0aW9uLWF1dGhvcml0eSJdLCJqdGkiOiIwZTcxMTAyMC1iMDIyLTQyOTktYTExZi0xYmU0ZjQwOGMzOWQiLCJpYXQiOjE3NDIyMDI2NDgsImV4cCI6MTc0MjIwNjI0OCwic2NvcGUiOlsiY2EiXX0.o5ZuBZXFnFUaRTd82ff0pdG1gO18i5JTWn6jN6GJcZI,node,anya123456SXAFSPXFDIUWW4I,,,,,application/json;charset=UTF-8,122,"{""sign_tx_id"":""anya123456_certauth00_20250317091050_anyaserial00"",""cert_tx_id"":""202503170910504c6377644ffb4f39ae9c91e021""}",anya123456SXAFSPXFDIUWW4I,application/json;charset=UTF-8,"{""rsp_code"":""0000"",""rsp_msg"":""Success"",""signed_consent_cnt"":2,""signed_consent_list"":[{""signed_consent_len"":212,""signed_consent"":""eyJ0eXBlIjoiU2lnbmVkQ29uc2VudCIsInZlcnNpb24iOiIxLjAiLCJjb25zZW50IjoiWTI5dWMyVnVkQzB3TURRPSIsInRpbWVzdGFtcCI6IjIwMjUtMDMtMTdUMDk6MTA6NTUuNjU5WiIsInByaXZhdGVLZXkiOiJjZXJ0aWZpY2F0aW9uLWF1dGhvcml0eS1wcml2YXRlLWtleSJ9"",""tx_id"":""MD_anya123456_bond123456_ra20250003_certauth00_20250317091050_XXAB00490000"",""user_id"":""bf581646-b5f5-4880-b1da-351ed76ee221"",""certificate_id"":""846aad67-3af4-4961-ba6f-36e034cfdb52""},{""signed_consent_len"":212,""signed_consent"":""eyJ0eXBlIjoiU2lnbmVkQ29uc2VudCIsInZlcnNpb24iOiIxLjAiLCJjb25zZW50IjoiWTI5dWMyVnVkQzB3TURNPSIsInRpbWVzdGFtcCI6IjIwMjUtMDMtMTdUMDk6MTA6NTUuNjU5WiIsInByaXZhdGVLZXkiOiJjZXJ0aWZpY2F0aW9uLWF1dGhvcml0eS1wcml2YXRlLWtleSJ9"",""tx_id"":""MD_anya123456_bond123456_ra20250003_certauth00_20250317091050_XXAB00490001"",""user_id"":""bf581646-b5f5-4880-b1da-351ed76ee221"",""certificate_id"":""846aad67-3af4-4961-ba6f-36e034cfdb52""}]}",200
2025-03-17T09:14:16.959Z,,http://localhost:3000/api/v2/mgmts/oauth/2.0/token,POST,,node,anya123456S1QACZFTEV69QA4,,,,,application/x-www-form-urlencoded,168,"{""grant_type"":""client_credentials"",""client_id"":""wcf8rjy6kphudsnea0l3ytkpdhqrvcxz1578m4q7xv9zb2tgca"",""client_secret"":""a0l3ytkpdhqrvcfz926btm4q7xv9zb2tgc8rjy6kphudsnew5o"",""scope"":""manage""}",anya123456S1QACZFTEV69QA4,application/json;charset=UTF-8,"{""rsp_code"":""0000"",""rsp_msg"":""Success"",""token_type"":""Bearer"",""access_token"":""eyJhbGciOiJIUzI1NiIsInR5cCI6IkpXVCJ9.eyJpc3MiOiJjZXJ0aWZpY2F0aW9uLWF1dGhvcml0eSIsInN1YiI6IndjZjhyank2a3BodWRzbmVhMGwzeXRrcGRocXJ2Y3h6MTU3OG00cTd4djl6YjJ0Z2NhIiwiYXVkIjpbImFueWExMjM0NTYiLCJjZXJ0aWZpY2F0aW9uLWF1dGhvcml0eS1tYW5hZ2VtZW50Il0sImp0aSI6IjUxOGJmMmVjLWQ2YTAtNGJkOS1iMzExLTE4MTBlZjk2MTYxZSIsImlhdCI6MTc0MjIwMjg1NiwiZXhwIjoxNzQyMjA2NDU2LCJzY29wZSI6WyJtYW5hZ2UiXX0.ykgU8F2IwxlHAKv-E0aZvD8OSqio7m4Fy8R9tp0dIfs"",""expires_in"":3600,""scope"":""manage"",""timestamp"":""20250317091416""}",200
2025-03-17T09:14:17.051Z,,http://localhost:3000/api/v2/mgmts/orgs?search_timestamp=,GET,Bearer eyJhbGciOiJIUzI1NiIsInR5cCI6IkpXVCJ9.eyJpc3MiOiJjZXJ0aWZpY2F0aW9uLWF1dGhvcml0eSIsInN1YiI6IndjZjhyank2a3BodWRzbmVhMGwzeXRrcGRocXJ2Y3h6MTU3OG00cTd4djl6YjJ0Z2NhIiwiYXVkIjpbImFueWExMjM0NTYiLCJjZXJ0aWZpY2F0aW9uLWF1dGhvcml0eS1tYW5hZ2VtZW50Il0sImp0aSI6IjUxOGJmMmVjLWQ2YTAtNGJkOS1iMzExLTE4MTBlZjk2MTYxZSIsImlhdCI6MTc0MjIwMjg1NiwiZXhwIjoxNzQyMjA2NDU2LCJzY29wZSI6WyJtYW5hZ2UiXX0.ykgU8F2IwxlHAKv-E0aZvD8OSqio7m4Fy8R9tp0dIfs,node,anya123456SWJKOJJ6SZQEAZ7,,,,,application/json;charset=UTF-8,,"""""",anya123456SWJKOJJ6SZQEAZ7,application/json;charset=UTF-8,"{""rsp_code"":""0000"",""rsp_msg"":""Success"",""search_timestamp"":""20250317091416"",""org_cnt"":2,""org_list"":[{""id"":""4038a0f9-c51a-4578-b5e7-a3a525bd6135"",""name"":""Bond Bank"",""opType"":""I"",""orgCode"":""bond123456"",""orgType"":""01"",""authType"":""01"",""industry"":""bank"",""serialNum"":""bondserial00"",""createdAt"":""2025-02-12T07:14:10.661Z"",""updatedAt"":""2025-02-12T07:14:10.661Z""},{""id"":""441d9a01-ef41-494f-8743-c55f269827d9"",""name"":""Anya Bank"",""opType"":""I"",""orgCode"":""anya123456"",""orgType"":""01"",""authType"":""01"",""industry"":""bank"",""serialNum"":""anyaserial00"",""createdAt"":""2025-02-12T07:14:09.343Z"",""updatedAt"":""2025-02-12T07:14:09.343Z""}]}",200
2025-03-17T09:14:17.216Z,,http://localhost:3000/api/oauth/2.0/token,POST,,node,anya123456S4D1MO0ZTB2UW9J,,,,,application/x-www-form-urlencoded,164,"{""grant_type"":""client_credentials"",""client_id"":""wcf8rjy6kphudsnea0l3ytkpdhqrvcxz1578m4q7xv9zb2tgca"",""client_secret"":""a0l3ytkpdhqrvcfz926btm4q7xv9zb2tgc8rjy6kphudsnew5o"",""scope"":""ca""}",anya123456S4D1MO0ZTB2UW9J,application/json;charset=UTF-8,"{""rsp_code"":""0000"",""rsp_msg"":""Success"",""token_type"":""Bearer"",""access_token"":""eyJhbGciOiJIUzI1NiIsInR5cCI6IkpXVCJ9.eyJpc3MiOiJjZXJ0aWZpY2F0aW9uLWF1dGhvcml0eSIsInN1YiI6IndjZjhyank2a3BodWRzbmVhMGwzeXRrcGRocXJ2Y3h6MTU3OG00cTd4djl6YjJ0Z2NhIiwiYXVkIjpbImFueWExMjM0NTYiLCJjZXJ0aWZpY2F0aW9uLWF1dGhvcml0eSJdLCJqdGkiOiJiMzRmM2M4MC1jMTMyLTQ5Y2EtYjlmMC0yODY0NzY1ZGZmODciLCJpYXQiOjE3NDIyMDI4NTcsImV4cCI6MTc0MjIwNjQ1Nywic2NvcGUiOlsiY2EiXX0.fCguRm32obwR8bVpKgxkAEX0lwjBXN_Hkla_KZiBn54"",""expires_in"":3600,""scope"":""ca"",""issued_at"":1742202857}",200
2025-03-17T09:14:19.723Z,,http://localhost:3000/api/ca/sign_request,POST,Bearer eyJhbGciOiJIUzI1NiIsInR5cCI6IkpXVCJ9.eyJpc3MiOiJjZXJ0aWZpY2F0aW9uLWF1dGhvcml0eSIsInN1YiI6IndjZjhyank2a3BodWRzbmVhMGwzeXRrcGRocXJ2Y3h6MTU3OG00cTd4djl6YjJ0Z2NhIiwiYXVkIjpbImFueWExMjM0NTYiLCJjZXJ0aWZpY2F0aW9uLWF1dGhvcml0eSJdLCJqdGkiOiJiMzRmM2M4MC1jMTMyLTQ5Y2EtYjlmMC0yODY0NzY1ZGZmODciLCJpYXQiOjE3NDIyMDI4NTcsImV4cCI6MTc0MjIwNjQ1Nywic2NvcGUiOlsiY2EiXX0.fCguRm32obwR8bVpKgxkAEX0lwjBXN_Hkla_KZiBn54,node,anya123456SYLHWYK0TLMSIYH,,,,,application/json;charset=UTF-8,960,"{""sign_tx_id"":""anya123456_certauth00_20250317091419_bondserial00"",""user_ci"":""NDM2MDQ1"",""real_name"":""Amber Rippin"",""phone_num"":""+821055729785"",""request_title"":""Request for Consent to Use Personal Information for Service Improvement"",""device_code"":""MO"",""device_browser"":""WB"",""return_app_scheme_url"":""https://anya-bank.com/return"",""consent_type"":""1"",""consent_cnt"":3,""consent_list"":[{""tx_id"":""MD_anya123456_bond123456_ra20250005_certauth00_20250317091419_XXAB00490000"",""consent_title"":""Consent Request for Transmission"",""consent"":""Y29uc2VudC0wMDQ="",""consent_len"":16},{""tx_id"":""MD_anya123456_bond123456_ra20250005_certauth00_20250317091419_XXAB00490001"",""consent_title"":""Consent to Collection and Use of Personal Information"",""consent"":""Y29uc2VudC0wMDM="",""consent_len"":16},{""tx_id"":""MD_anya123456_bond123456_ra20250005_certauth00_20250317091419_XXAB00490002"",""consent_title"":""Consent to Provide Personal Information"",""consent"":""Y29uc2VudC0wMDQ="",""consent_len"":16}]}",anya123456SYLHWYK0TLMSIYH,application/json;charset=UTF-8,"{""rsp_code"":""0000"",""rsp_msg"":""Electronic signature request successful, cert_tx_id has been provided."",""sign_ios_app_scheme_url"":""mydataauth://auth?tx_id=202503170914193599618973824d839e09502629"",""sign_aos_app_scheme_url"":""mydataauth://auth?tx_id=202503170914193599618973824d839e09502629"",""sign_web_url"":""https://mydataauth.com/auth?tx_id=202503170914193599618973824d839e09502629"",""cert_tx_id"":""202503170914193599618973824d839e09502629""}",200
2025-03-17T09:14:24.171Z,,http://localhost:3000/api/ca/sign_result,POST,Bearer eyJhbGciOiJIUzI1NiIsInR5cCI6IkpXVCJ9.eyJpc3MiOiJjZXJ0aWZpY2F0aW9uLWF1dGhvcml0eSIsInN1YiI6IndjZjhyank2a3BodWRzbmVhMGwzeXRrcGRocXJ2Y3h6MTU3OG00cTd4djl6YjJ0Z2NhIiwiYXVkIjpbImFueWExMjM0NTYiLCJjZXJ0aWZpY2F0aW9uLWF1dGhvcml0eSJdLCJqdGkiOiJiMzRmM2M4MC1jMTMyLTQ5Y2EtYjlmMC0yODY0NzY1ZGZmODciLCJpYXQiOjE3NDIyMDI4NTcsImV4cCI6MTc0MjIwNjQ1Nywic2NvcGUiOlsiY2EiXX0.fCguRm32obwR8bVpKgxkAEX0lwjBXN_Hkla_KZiBn54,node,anya123456SREIXBOITET0CLC,,,,,application/json;charset=UTF-8,122,"{""sign_tx_id"":""anya123456_certauth00_20250317091419_bondserial00"",""cert_tx_id"":""202503170914193599618973824d839e09502629""}",anya123456SREIXBOITET0CLC,application/json;charset=UTF-8,"{""rsp_code"":""0000"",""rsp_msg"":""Success"",""signed_consent_cnt"":3,""signed_consent_list"":[{""signed_consent_len"":212,""signed_consent"":""eyJ0eXBlIjoiU2lnbmVkQ29uc2VudCIsInZlcnNpb24iOiIxLjAiLCJjb25zZW50IjoiWTI5dWMyVnVkQzB3TURRPSIsInRpbWVzdGFtcCI6IjIwMjUtMDMtMTdUMDk6MTQ6MjMuOTcyWiIsInByaXZhdGVLZXkiOiJjZXJ0aWZpY2F0aW9uLWF1dGhvcml0eS1wcml2YXRlLWtleSJ9"",""tx_id"":""MD_anya123456_bond123456_ra20250005_certauth00_20250317091419_XXAB00490000"",""user_id"":""ed26fa43-7391-4fc1-82e8-94eb12ed8a74"",""certificate_id"":""4facd3a4-77a6-4ad4-903d-43744d4701bf""},{""signed_consent_len"":212,""signed_consent"":""eyJ0eXBlIjoiU2lnbmVkQ29uc2VudCIsInZlcnNpb24iOiIxLjAiLCJjb25zZW50IjoiWTI5dWMyVnVkQzB3TURNPSIsInRpbWVzdGFtcCI6IjIwMjUtMDMtMTdUMDk6MTQ6MjMuOTczWiIsInByaXZhdGVLZXkiOiJjZXJ0aWZpY2F0aW9uLWF1dGhvcml0eS1wcml2YXRlLWtleSJ9"",""tx_id"":""MD_anya123456_bond123456_ra20250005_certauth00_20250317091419_XXAB00490001"",""user_id"":""ed26fa43-7391-4fc1-82e8-94eb12ed8a74"",""certificate_id"":""4facd3a4-77a6-4ad4-903d-43744d4701bf""},{""signed_consent_len"":212,""signed_consent"":""eyJ0eXBlIjoiU2lnbmVkQ29uc2VudCIsInZlcnNpb24iOiIxLjAiLCJjb25zZW50IjoiWTI5dWMyVnVkQzB3TURRPSIsInRpbWVzdGFtcCI6IjIwMjUtMDMtMTdUMDk6MTQ6MjMuOTczWiIsInByaXZhdGVLZXkiOiJjZXJ0aWZpY2F0aW9uLWF1dGhvcml0eS1wcml2YXRlLWtleSJ9"",""tx_id"":""MD_anya123456_bond123456_ra20250005_certauth00_20250317091419_XXAB00490002"",""user_id"":""ed26fa43-7391-4fc1-82e8-94eb12ed8a74"",""certificate_id"":""4facd3a4-77a6-4ad4-903d-43744d4701bf""}]}",200
2025-03-17T09:14:30.773Z,,http://localhost:3000/api/ca/sign_verification,POST,Bearer eyJhbGciOiJIUzI1NiIsInR5cCI6IkpXVCJ9.eyJhdWQiOiJ3Y2Y4cmp5NmtwaHVkc25lYTBsM3l0a3BkaHFydmN4ejE1NzhtNHE3eHY5emIydGdjYSIsImp0aSI6IjI3ZTkxNmY5LWQ5YmEtNDRiYS1iYzI2LWQ5MmEzZmIwZTFiMSIsImV4cCI6MTc0MjIwNjQ2OCwic2NvcGUiOiJpcCIsImlhdCI6MTc0MjIwMjg2OH0.7DH0QxZE9YkJITfFuqDmMSW5NuPnrQnVBxYBa4dKe48,node,anya123456SQRNQNUUEM6UCEG,,,,,application/json;charset=UTF-8,464,"{""tx_id"":""MD_anya123456_bond123456_ra20250005_certauth00_20250317091419_XXAB00490000"",""cert_tx_id"":""202503170914193599618973824d839e09502629"",""signed_consent_len"":212,""signed_consent"":""eyJ0eXBlIjoiU2lnbmVkQ29uc2VudCIsInZlcnNpb24iOiIxLjAiLCJjb25zZW50IjoiWTI5dWMyVnVkQzB3TURRPSIsInRpbWVzdGFtcCI6IjIwMjUtMDMtMTdUMDk6MTQ6MjMuOTcyWiIsInByaXZhdGVLZXkiOiJjZXJ0aWZpY2F0aW9uLWF1dGhvcml0eS1wcml2YXRlLWtleSJ9"",""consent_type"":""1"",""consent_len"":16,""consent"":""Y29uc2VudC0wMDQ=""}",anya123456SQRNQNUUEM6UCEG,application/json;charset=UTF-8,"{""tx_id"":""MD_anya123456_bond123456_ra20250005_certauth00_20250317091419_XXAB00490000"",""rsp_code"":""0000"",""rsp_msg"":""Success"",""result"":true,""user_ci"":""NDM2MDQ1""}",200
2025-03-17T09:14:31.994Z,,http://localhost:3000/api/v2/mgmts/oauth/2.0/token,POST,,node,anya123456SWJU4N0XPLBL1NA,,,,,application/x-www-form-urlencoded,168,"{""grant_type"":""client_credentials"",""client_id"":""wcf8rjy6kphudsnea0l3ytkpdhqrvcxz1578m4q7xv9zb2tgca"",""client_secret"":""a0l3ytkpdhqrvcfz926btm4q7xv9zb2tgc8rjy6kphudsnew5o"",""scope"":""manage""}",anya123456SWJU4N0XPLBL1NA,application/json;charset=UTF-8,"{""rsp_code"":""0000"",""rsp_msg"":""Success"",""token_type"":""Bearer"",""access_token"":""eyJhbGciOiJIUzI1NiIsInR5cCI6IkpXVCJ9.eyJpc3MiOiJjZXJ0aWZpY2F0aW9uLWF1dGhvcml0eSIsInN1YiI6IndjZjhyank2a3BodWRzbmVhMGwzeXRrcGRocXJ2Y3h6MTU3OG00cTd4djl6YjJ0Z2NhIiwiYXVkIjpbImFueWExMjM0NTYiLCJjZXJ0aWZpY2F0aW9uLWF1dGhvcml0eS1tYW5hZ2VtZW50Il0sImp0aSI6ImQ4OWM4ZGZkLTlmNTItNGI5NS05OTc5LTE3ZDNkZGM2ZjFlNiIsImlhdCI6MTc0MjIwMjg3MSwiZXhwIjoxNzQyMjA2NDcxLCJzY29wZSI6WyJtYW5hZ2UiXX0.d_kB11BRRxQv0XprlmGWfm839bQJU9fr4rvLuIYPmBI"",""expires_in"":3600,""scope"":""manage"",""timestamp"":""20250317091431""}",200
2025-03-17T09:14:32.136Z,,http://localhost:3000/api/v2/mgmts/orgs?search_timestamp=,GET,Bearer eyJhbGciOiJIUzI1NiIsInR5cCI6IkpXVCJ9.eyJpc3MiOiJjZXJ0aWZpY2F0aW9uLWF1dGhvcml0eSIsInN1YiI6IndjZjhyank2a3BodWRzbmVhMGwzeXRrcGRocXJ2Y3h6MTU3OG00cTd4djl6YjJ0Z2NhIiwiYXVkIjpbImFueWExMjM0NTYiLCJjZXJ0aWZpY2F0aW9uLWF1dGhvcml0eS1tYW5hZ2VtZW50Il0sImp0aSI6ImQ4OWM4ZGZkLTlmNTItNGI5NS05OTc5LTE3ZDNkZGM2ZjFlNiIsImlhdCI6MTc0MjIwMjg3MSwiZXhwIjoxNzQyMjA2NDcxLCJzY29wZSI6WyJtYW5hZ2UiXX0.d_kB11BRRxQv0XprlmGWfm839bQJU9fr4rvLuIYPmBI,node,anya123456SYLE9CBHIZGXJYE,,,,,application/json;charset=UTF-8,,"""""",anya123456SYLE9CBHIZGXJYE,application/json;charset=UTF-8,"{""rsp_code"":""0000"",""rsp_msg"":""Success"",""search_timestamp"":""20250317091432"",""org_cnt"":2,""org_list"":[{""id"":""4038a0f9-c51a-4578-b5e7-a3a525bd6135"",""name"":""Bond Bank"",""opType"":""I"",""orgCode"":""bond123456"",""orgType"":""01"",""authType"":""01"",""industry"":""bank"",""serialNum"":""bondserial00"",""createdAt"":""2025-02-12T07:14:10.661Z"",""updatedAt"":""2025-02-12T07:14:10.661Z""},{""id"":""441d9a01-ef41-494f-8743-c55f269827d9"",""name"":""Anya Bank"",""opType"":""I"",""orgCode"":""anya123456"",""orgType"":""01"",""authType"":""01"",""industry"":""bank"",""serialNum"":""anyaserial00"",""createdAt"":""2025-02-12T07:14:09.343Z"",""updatedAt"":""2025-02-12T07:14:09.343Z""}]}",200
2025-03-17T09:14:32.353Z,,http://localhost:3000/api/oauth/2.0/token,POST,,node,anya123456SNVIPMIAUWZNNZM,,,,,application/x-www-form-urlencoded,164,"{""grant_type"":""client_credentials"",""client_id"":""wcf8rjy6kphudsnea0l3ytkpdhqrvcxz1578m4q7xv9zb2tgca"",""client_secret"":""a0l3ytkpdhqrvcfz926btm4q7xv9zb2tgc8rjy6kphudsnew5o"",""scope"":""ca""}",anya123456SNVIPMIAUWZNNZM,application/json;charset=UTF-8,"{""rsp_code"":""0000"",""rsp_msg"":""Success"",""token_type"":""Bearer"",""access_token"":""eyJhbGciOiJIUzI1NiIsInR5cCI6IkpXVCJ9.eyJpc3MiOiJjZXJ0aWZpY2F0aW9uLWF1dGhvcml0eSIsInN1YiI6IndjZjhyank2a3BodWRzbmVhMGwzeXRrcGRocXJ2Y3h6MTU3OG00cTd4djl6YjJ0Z2NhIiwiYXVkIjpbImFueWExMjM0NTYiLCJjZXJ0aWZpY2F0aW9uLWF1dGhvcml0eSJdLCJqdGkiOiIwM2NiNzFjMy00NDMxLTQxODYtOGQ3NC05N2M5NGFlYzU5NDUiLCJpYXQiOjE3NDIyMDI4NzIsImV4cCI6MTc0MjIwNjQ3Miwic2NvcGUiOlsiY2EiXX0.1nyReVgMQgRzK0ad7BzhSQOyxDq2nfszUSGwGgWjdJ8"",""expires_in"":3600,""scope"":""ca"",""issued_at"":1742202872}",200
2025-03-17T09:14:34.695Z,,http://localhost:3000/api/ca/sign_request,POST,Bearer eyJhbGciOiJIUzI1NiIsInR5cCI6IkpXVCJ9.eyJpc3MiOiJjZXJ0aWZpY2F0aW9uLWF1dGhvcml0eSIsInN1YiI6IndjZjhyank2a3BodWRzbmVhMGwzeXRrcGRocXJ2Y3h6MTU3OG00cTd4djl6YjJ0Z2NhIiwiYXVkIjpbImFueWExMjM0NTYiLCJjZXJ0aWZpY2F0aW9uLWF1dGhvcml0eSJdLCJqdGkiOiIwM2NiNzFjMy00NDMxLTQxODYtOGQ3NC05N2M5NGFlYzU5NDUiLCJpYXQiOjE3NDIyMDI4NzIsImV4cCI6MTc0MjIwNjQ3Miwic2NvcGUiOlsiY2EiXX0.1nyReVgMQgRzK0ad7BzhSQOyxDq2nfszUSGwGgWjdJ8,node,anya123456SO5QKBY0JRL61BV,,,,,application/json;charset=UTF-8,744,"{""sign_tx_id"":""anya123456_certauth00_20250317091434_anyaserial00"",""user_ci"":""NzMzMzU5"",""real_name"":""Thora Lynch"",""phone_num"":""+821016286461"",""request_title"":""Request for Consent to Use Personal Information"",""device_code"":""PC"",""device_browser"":""WB"",""return_app_scheme_url"":""https://anya-bank.com/return"",""consent_type"":""1"",""consent_cnt"":2,""consent_list"":[{""tx_id"":""MD_anya123456_bond123456_ra20250003_certauth00_20250317091434_XXAB00490000"",""consent_title"":""Consent Request for Transmission"",""consent"":""Y29uc2VudC0wMDI="",""consent_len"":16},{""tx_id"":""MD_anya123456_bond123456_ra20250003_certauth00_20250317091434_XXAB00490001"",""consent_title"":""Consent to Collection and Use of Personal Information"",""consent"":""Y29uc2VudC0wMDI="",""consent_len"":16}]}",anya123456SO5QKBY0JRL61BV,application/json;charset=UTF-8,"{""rsp_code"":""0000"",""rsp_msg"":""Electronic signature request successful, cert_tx_id has been provided."",""sign_ios_app_scheme_url"":""mydataauth://auth?tx_id=20250317091434c9f9d8bc7a4f4c688302a85ee6"",""sign_aos_app_scheme_url"":""mydataauth://auth?tx_id=20250317091434c9f9d8bc7a4f4c688302a85ee6"",""sign_web_url"":""https://mydataauth.com/auth?tx_id=20250317091434c9f9d8bc7a4f4c688302a85ee6"",""cert_tx_id"":""20250317091434c9f9d8bc7a4f4c688302a85ee6""}",200
2025-03-17T09:14:39.032Z,,http://localhost:3000/api/ca/sign_result,POST,Bearer eyJhbGciOiJIUzI1NiIsInR5cCI6IkpXVCJ9.eyJpc3MiOiJjZXJ0aWZpY2F0aW9uLWF1dGhvcml0eSIsInN1YiI6IndjZjhyank2a3BodWRzbmVhMGwzeXRrcGRocXJ2Y3h6MTU3OG00cTd4djl6YjJ0Z2NhIiwiYXVkIjpbImFueWExMjM0NTYiLCJjZXJ0aWZpY2F0aW9uLWF1dGhvcml0eSJdLCJqdGkiOiIwM2NiNzFjMy00NDMxLTQxODYtOGQ3NC05N2M5NGFlYzU5NDUiLCJpYXQiOjE3NDIyMDI4NzIsImV4cCI6MTc0MjIwNjQ3Miwic2NvcGUiOlsiY2EiXX0.1nyReVgMQgRzK0ad7BzhSQOyxDq2nfszUSGwGgWjdJ8,node,anya123456SL6HHE53KGULKGD,,,,,application/json;charset=UTF-8,122,"{""sign_tx_id"":""anya123456_certauth00_20250317091434_anyaserial00"",""cert_tx_id"":""20250317091434c9f9d8bc7a4f4c688302a85ee6""}",anya123456SL6HHE53KGULKGD,application/json;charset=UTF-8,"{""rsp_code"":""0000"",""rsp_msg"":""Success"",""signed_consent_cnt"":2,""signed_consent_list"":[{""signed_consent_len"":212,""signed_consent"":""eyJ0eXBlIjoiU2lnbmVkQ29uc2VudCIsInZlcnNpb24iOiIxLjAiLCJjb25zZW50IjoiWTI5dWMyVnVkQzB3TURJPSIsInRpbWVzdGFtcCI6IjIwMjUtMDMtMTdUMDk6MTQ6MzguOTE1WiIsInByaXZhdGVLZXkiOiJjZXJ0aWZpY2F0aW9uLWF1dGhvcml0eS1wcml2YXRlLWtleSJ9"",""tx_id"":""MD_anya123456_bond123456_ra20250003_certauth00_20250317091434_XXAB00490000"",""user_id"":""a5cc00e2-64e8-4a48-bd2b-a1f467607e66"",""certificate_id"":""e5d1b09c-55aa-4859-8ce0-4f9457cb9a62""},{""signed_consent_len"":212,""signed_consent"":""eyJ0eXBlIjoiU2lnbmVkQ29uc2VudCIsInZlcnNpb24iOiIxLjAiLCJjb25zZW50IjoiWTI5dWMyVnVkQzB3TURJPSIsInRpbWVzdGFtcCI6IjIwMjUtMDMtMTdUMDk6MTQ6MzguOTE1WiIsInByaXZhdGVLZXkiOiJjZXJ0aWZpY2F0aW9uLWF1dGhvcml0eS1wcml2YXRlLWtleSJ9"",""tx_id"":""MD_anya123456_bond123456_ra20250003_certauth00_20250317091434_XXAB00490001"",""user_id"":""a5cc00e2-64e8-4a48-bd2b-a1f467607e66"",""certificate_id"":""e5d1b09c-55aa-4859-8ce0-4f9457cb9a62""}]}",200
2025-03-17T09:14:45.559Z,,http://localhost:3000/api/ca/sign_verification,POST,Bearer eyJhbGciOiJIUzI1NiIsInR5cCI6IkpXVCJ9.eyJhdWQiOiJ3Y2Y4cmp5NmtwaHVkc25lYTBsM3l0a3BkaHFydmN4ejE1NzhtNHE3eHY5emIydGdjYSIsImp0aSI6IjhkZmZmOGZmLTc0MDAtNDIxMS1hNDc0LWE1Njk5NWU4NjJkMSIsImV4cCI6MTc0MjIwNjQ4Mywic2NvcGUiOiJpcCIsImlhdCI6MTc0MjIwMjg4M30.SpnmvIC2VtXQjDoSkafml9al2qG7c6RLDj7PX0AIOYk,node,anya123456SU5NUWL3F5EKDHX,,,,,application/json;charset=UTF-8,464,"{""tx_id"":""MD_anya123456_bond123456_ra20250003_certauth00_20250317091434_XXAB00490000"",""cert_tx_id"":""20250317091434c9f9d8bc7a4f4c688302a85ee6"",""signed_consent_len"":212,""signed_consent"":""eyJ0eXBlIjoiU2lnbmVkQ29uc2VudCIsInZlcnNpb24iOiIxLjAiLCJjb25zZW50IjoiWTI5dWMyVnVkQzB3TURJPSIsInRpbWVzdGFtcCI6IjIwMjUtMDMtMTdUMDk6MTQ6MzguOTE1WiIsInByaXZhdGVLZXkiOiJjZXJ0aWZpY2F0aW9uLWF1dGhvcml0eS1wcml2YXRlLWtleSJ9"",""consent_type"":""1"",""consent_len"":16,""consent"":""Y29uc2VudC0wMDI=""}",anya123456SU5NUWL3F5EKDHX,application/json;charset=UTF-8,"{""tx_id"":""MD_anya123456_bond123456_ra20250003_certauth00_20250317091434_XXAB00490000"",""rsp_code"":""0000"",""rsp_msg"":""Success"",""result"":true,""user_ci"":""NzMzMzU5""}",200
2025-03-17T09:14:49.051Z,,http://localhost:3000/api/v2/mgmts/oauth/2.0/token,POST,,node,anya123456SFAMLJCOO777WR0,,,,,application/x-www-form-urlencoded,168,"{""grant_type"":""client_credentials"",""client_id"":""wcf8rjy6kphudsnea0l3ytkpdhqrvcxz1578m4q7xv9zb2tgca"",""client_secret"":""a0l3ytkpdhqrvcfz926btm4q7xv9zb2tgc8rjy6kphudsnew5o"",""scope"":""manage""}",anya123456SFAMLJCOO777WR0,application/json;charset=UTF-8,"{""rsp_code"":""0000"",""rsp_msg"":""Success"",""token_type"":""Bearer"",""access_token"":""eyJhbGciOiJIUzI1NiIsInR5cCI6IkpXVCJ9.eyJpc3MiOiJjZXJ0aWZpY2F0aW9uLWF1dGhvcml0eSIsInN1YiI6IndjZjhyank2a3BodWRzbmVhMGwzeXRrcGRocXJ2Y3h6MTU3OG00cTd4djl6YjJ0Z2NhIiwiYXVkIjpbImFueWExMjM0NTYiLCJjZXJ0aWZpY2F0aW9uLWF1dGhvcml0eS1tYW5hZ2VtZW50Il0sImp0aSI6IjFhZGMzODJmLTRiZDItNGZjNS05OGQ0LWJiZDg0NzE1MDE0MiIsImlhdCI6MTc0MjIwMjg4OSwiZXhwIjoxNzQyMjA2NDg5LCJzY29wZSI6WyJtYW5hZ2UiXX0._-Ncsl7TP_N7NJwkup0Ouf19JFo-zkTHe99sBgTiEK0"",""expires_in"":3600,""scope"":""manage"",""timestamp"":""20250317091449""}",200
2025-03-17T09:14:49.156Z,,http://localhost:3000/api/v2/mgmts/orgs?search_timestamp=,GET,Bearer eyJhbGciOiJIUzI1NiIsInR5cCI6IkpXVCJ9.eyJpc3MiOiJjZXJ0aWZpY2F0aW9uLWF1dGhvcml0eSIsInN1YiI6IndjZjhyank2a3BodWRzbmVhMGwzeXRrcGRocXJ2Y3h6MTU3OG00cTd4djl6YjJ0Z2NhIiwiYXVkIjpbImFueWExMjM0NTYiLCJjZXJ0aWZpY2F0aW9uLWF1dGhvcml0eS1tYW5hZ2VtZW50Il0sImp0aSI6IjFhZGMzODJmLTRiZDItNGZjNS05OGQ0LWJiZDg0NzE1MDE0MiIsImlhdCI6MTc0MjIwMjg4OSwiZXhwIjoxNzQyMjA2NDg5LCJzY29wZSI6WyJtYW5hZ2UiXX0._-Ncsl7TP_N7NJwkup0Ouf19JFo-zkTHe99sBgTiEK0,node,anya123456SSCSFFQPJM6FA1V,,,,,application/json;charset=UTF-8,,"""""",anya123456SSCSFFQPJM6FA1V,application/json;charset=UTF-8,"{""rsp_code"":""0000"",""rsp_msg"":""Success"",""search_timestamp"":""20250317091449"",""org_cnt"":2,""org_list"":[{""id"":""4038a0f9-c51a-4578-b5e7-a3a525bd6135"",""name"":""Bond Bank"",""opType"":""I"",""orgCode"":""bond123456"",""orgType"":""01"",""authType"":""01"",""industry"":""bank"",""serialNum"":""bondserial00"",""createdAt"":""2025-02-12T07:14:10.661Z"",""updatedAt"":""2025-02-12T07:14:10.661Z""},{""id"":""441d9a01-ef41-494f-8743-c55f269827d9"",""name"":""Anya Bank"",""opType"":""I"",""orgCode"":""anya123456"",""orgType"":""01"",""authType"":""01"",""industry"":""bank"",""serialNum"":""anyaserial00"",""createdAt"":""2025-02-12T07:14:09.343Z"",""updatedAt"":""2025-02-12T07:14:09.343Z""}]}",200
2025-03-17T09:14:49.354Z,,http://localhost:3000/api/oauth/2.0/token,POST,,node,anya123456SAWJX2HFZ1XLC8D,,,,,application/x-www-form-urlencoded,164,"{""grant_type"":""client_credentials"",""client_id"":""wcf8rjy6kphudsnea0l3ytkpdhqrvcxz1578m4q7xv9zb2tgca"",""client_secret"":""a0l3ytkpdhqrvcfz926btm4q7xv9zb2tgc8rjy6kphudsnew5o"",""scope"":""ca""}",anya123456SAWJX2HFZ1XLC8D,application/json;charset=UTF-8,"{""rsp_code"":""0000"",""rsp_msg"":""Success"",""token_type"":""Bearer"",""access_token"":""eyJhbGciOiJIUzI1NiIsInR5cCI6IkpXVCJ9.eyJpc3MiOiJjZXJ0aWZpY2F0aW9uLWF1dGhvcml0eSIsInN1YiI6IndjZjhyank2a3BodWRzbmVhMGwzeXRrcGRocXJ2Y3h6MTU3OG00cTd4djl6YjJ0Z2NhIiwiYXVkIjpbImFueWExMjM0NTYiLCJjZXJ0aWZpY2F0aW9uLWF1dGhvcml0eSJdLCJqdGkiOiIzOWZiY2QwMS02ODcyLTQyYjUtOWQ2ZC04YjY4ODc0ZGJkM2EiLCJpYXQiOjE3NDIyMDI4ODksImV4cCI6MTc0MjIwNjQ4OSwic2NvcGUiOlsiY2EiXX0.gRBgLQ-s_v-WhvxU0RC189_ymTUgPBLp1YehDFtQvX8"",""expires_in"":3600,""scope"":""ca"",""issued_at"":1742202889}",200
2025-03-17T09:14:51.719Z,,http://localhost:3000/api/ca/sign_request,POST,Bearer eyJhbGciOiJIUzI1NiIsInR5cCI6IkpXVCJ9.eyJpc3MiOiJjZXJ0aWZpY2F0aW9uLWF1dGhvcml0eSIsInN1YiI6IndjZjhyank2a3BodWRzbmVhMGwzeXRrcGRocXJ2Y3h6MTU3OG00cTd4djl6YjJ0Z2NhIiwiYXVkIjpbImFueWExMjM0NTYiLCJjZXJ0aWZpY2F0aW9uLWF1dGhvcml0eSJdLCJqdGkiOiIzOWZiY2QwMS02ODcyLTQyYjUtOWQ2ZC04YjY4ODc0ZGJkM2EiLCJpYXQiOjE3NDIyMDI4ODksImV4cCI6MTc0MjIwNjQ4OSwic2NvcGUiOlsiY2EiXX0.gRBgLQ-s_v-WhvxU0RC189_ymTUgPBLp1YehDFtQvX8,node,anya123456S2WOKXUYMT0OKQK,,,,,application/json;charset=UTF-8,753,"{""sign_tx_id"":""anya123456_certauth00_20250317091451_anyaserial00"",""user_ci"":""NTE2NzY5"",""real_name"":""Antoinette Heathcote"",""phone_num"":""+821029892167"",""request_title"":""Request for Consent to Use Personal Information"",""device_code"":""TB"",""device_browser"":""WB"",""return_app_scheme_url"":""https://anya-bank.com/return"",""consent_type"":""1"",""consent_cnt"":2,""consent_list"":[{""tx_id"":""MD_anya123456_bond123456_ra20250005_certauth00_20250317091451_XXAB00490000"",""consent_title"":""Consent Request for Transmission"",""consent"":""Y29uc2VudC0wMDI="",""consent_len"":16},{""tx_id"":""MD_anya123456_bond123456_ra20250005_certauth00_20250317091451_XXAB00490001"",""consent_title"":""Consent to Collection and Use of Personal Information"",""consent"":""Y29uc2VudC0wMDI="",""consent_len"":16}]}",anya123456S2WOKXUYMT0OKQK,application/json;charset=UTF-8,"{""rsp_code"":""0000"",""rsp_msg"":""Electronic signature request successful, cert_tx_id has been provided."",""sign_ios_app_scheme_url"":""mydataauth://auth?tx_id=20250317091451f5b76185f9844e61ac83692f3f"",""sign_aos_app_scheme_url"":""mydataauth://auth?tx_id=20250317091451f5b76185f9844e61ac83692f3f"",""sign_web_url"":""https://mydataauth.com/auth?tx_id=20250317091451f5b76185f9844e61ac83692f3f"",""cert_tx_id"":""20250317091451f5b76185f9844e61ac83692f3f""}",200
2025-03-17T09:14:56.097Z,,http://localhost:3000/api/ca/sign_result,POST,Bearer eyJhbGciOiJIUzI1NiIsInR5cCI6IkpXVCJ9.eyJpc3MiOiJjZXJ0aWZpY2F0aW9uLWF1dGhvcml0eSIsInN1YiI6IndjZjhyank2a3BodWRzbmVhMGwzeXRrcGRocXJ2Y3h6MTU3OG00cTd4djl6YjJ0Z2NhIiwiYXVkIjpbImFueWExMjM0NTYiLCJjZXJ0aWZpY2F0aW9uLWF1dGhvcml0eSJdLCJqdGkiOiIzOWZiY2QwMS02ODcyLTQyYjUtOWQ2ZC04YjY4ODc0ZGJkM2EiLCJpYXQiOjE3NDIyMDI4ODksImV4cCI6MTc0MjIwNjQ4OSwic2NvcGUiOlsiY2EiXX0.gRBgLQ-s_v-WhvxU0RC189_ymTUgPBLp1YehDFtQvX8,node,anya123456SGLQFPZM26OMWA2,,,,,application/json;charset=UTF-8,122,"{""sign_tx_id"":""anya123456_certauth00_20250317091451_anyaserial00"",""cert_tx_id"":""20250317091451f5b76185f9844e61ac83692f3f""}",anya123456SGLQFPZM26OMWA2,application/json;charset=UTF-8,"{""rsp_code"":""0000"",""rsp_msg"":""Success"",""signed_consent_cnt"":2,""signed_consent_list"":[{""signed_consent_len"":212,""signed_consent"":""eyJ0eXBlIjoiU2lnbmVkQ29uc2VudCIsInZlcnNpb24iOiIxLjAiLCJjb25zZW50IjoiWTI5dWMyVnVkQzB3TURJPSIsInRpbWVzdGFtcCI6IjIwMjUtMDMtMTdUMDk6MTQ6NTUuOTc1WiIsInByaXZhdGVLZXkiOiJjZXJ0aWZpY2F0aW9uLWF1dGhvcml0eS1wcml2YXRlLWtleSJ9"",""tx_id"":""MD_anya123456_bond123456_ra20250005_certauth00_20250317091451_XXAB00490000"",""user_id"":""8e25e5e6-1d1c-440c-b810-c76c28ecc920"",""certificate_id"":""fe0338cf-1b60-44d4-af76-8526283d0137""},{""signed_consent_len"":212,""signed_consent"":""eyJ0eXBlIjoiU2lnbmVkQ29uc2VudCIsInZlcnNpb24iOiIxLjAiLCJjb25zZW50IjoiWTI5dWMyVnVkQzB3TURJPSIsInRpbWVzdGFtcCI6IjIwMjUtMDMtMTdUMDk6MTQ6NTUuOTc1WiIsInByaXZhdGVLZXkiOiJjZXJ0aWZpY2F0aW9uLWF1dGhvcml0eS1wcml2YXRlLWtleSJ9"",""tx_id"":""MD_anya123456_bond123456_ra20250005_certauth00_20250317091451_XXAB00490001"",""user_id"":""8e25e5e6-1d1c-440c-b810-c76c28ecc920"",""certificate_id"":""fe0338cf-1b60-44d4-af76-8526283d0137""}]}",200
2025-03-17T09:15:02.650Z,,http://localhost:3000/api/ca/sign_verification,POST,Bearer eyJhbGciOiJIUzI1NiIsInR5cCI6IkpXVCJ9.eyJhdWQiOiJ3Y2Y4cmp5NmtwaHVkc25lYTBsM3l0a3BkaHFydmN4ejE1NzhtNHE3eHY5emIydGdjYSIsImp0aSI6Ijg2ZDc4MDBlLTdlMjUtNDM5YS05MmQwLTNjZmZiMDY5N2E4NiIsImV4cCI6MTc0MjIwNjUwMCwic2NvcGUiOiJpcCIsImlhdCI6MTc0MjIwMjkwMH0.R3lLJ_WkxmKd7Iv2WTLnAY1z2aa40V_B6MFe_WkB7iU,node,anya123456SZWDIOEYKA5TQPL,,,,,application/json;charset=UTF-8,464,"{""tx_id"":""MD_anya123456_bond123456_ra20250005_certauth00_20250317091451_XXAB00490000"",""cert_tx_id"":""20250317091451f5b76185f9844e61ac83692f3f"",""signed_consent_len"":212,""signed_consent"":""eyJ0eXBlIjoiU2lnbmVkQ29uc2VudCIsInZlcnNpb24iOiIxLjAiLCJjb25zZW50IjoiWTI5dWMyVnVkQzB3TURJPSIsInRpbWVzdGFtcCI6IjIwMjUtMDMtMTdUMDk6MTQ6NTUuOTc1WiIsInByaXZhdGVLZXkiOiJjZXJ0aWZpY2F0aW9uLWF1dGhvcml0eS1wcml2YXRlLWtleSJ9"",""consent_type"":""1"",""consent_len"":16,""consent"":""Y29uc2VudC0wMDI=""}",anya123456SZWDIOEYKA5TQPL,application/json;charset=UTF-8,"{""tx_id"":""MD_anya123456_bond123456_ra20250005_certauth00_20250317091451_XXAB00490000"",""rsp_code"":""0000"",""rsp_msg"":""Success"",""result"":true,""user_ci"":""NTE2NzY5""}",200
2025-03-17T09:15:03.844Z,,http://localhost:3000/api/v2/mgmts/oauth/2.0/token,POST,,node,anya123456SPUXWBGPANJ5X5L,,,,,application/x-www-form-urlencoded,168,"{""grant_type"":""client_credentials"",""client_id"":""wcf8rjy6kphudsnea0l3ytkpdhqrvcxz1578m4q7xv9zb2tgca"",""client_secret"":""a0l3ytkpdhqrvcfz926btm4q7xv9zb2tgc8rjy6kphudsnew5o"",""scope"":""manage""}",anya123456SPUXWBGPANJ5X5L,application/json;charset=UTF-8,"{""rsp_code"":""0000"",""rsp_msg"":""Success"",""token_type"":""Bearer"",""access_token"":""eyJhbGciOiJIUzI1NiIsInR5cCI6IkpXVCJ9.eyJpc3MiOiJjZXJ0aWZpY2F0aW9uLWF1dGhvcml0eSIsInN1YiI6IndjZjhyank2a3BodWRzbmVhMGwzeXRrcGRocXJ2Y3h6MTU3OG00cTd4djl6YjJ0Z2NhIiwiYXVkIjpbImFueWExMjM0NTYiLCJjZXJ0aWZpY2F0aW9uLWF1dGhvcml0eS1tYW5hZ2VtZW50Il0sImp0aSI6IjIzY2NhNmM2LTU1ZDgtNGQ4Ni04MmI1LWEwYjhiYWQ2Zjg0MyIsImlhdCI6MTc0MjIwMjkwMywiZXhwIjoxNzQyMjA2NTAzLCJzY29wZSI6WyJtYW5hZ2UiXX0.EIIygcunDkCccYSV9E8jDNwn5hh-k03e3dR_KFeCiik"",""expires_in"":3600,""scope"":""manage"",""timestamp"":""20250317091503""}",200
2025-03-17T09:15:03.911Z,,http://localhost:3000/api/v2/mgmts/orgs?search_timestamp=,GET,Bearer eyJhbGciOiJIUzI1NiIsInR5cCI6IkpXVCJ9.eyJpc3MiOiJjZXJ0aWZpY2F0aW9uLWF1dGhvcml0eSIsInN1YiI6IndjZjhyank2a3BodWRzbmVhMGwzeXRrcGRocXJ2Y3h6MTU3OG00cTd4djl6YjJ0Z2NhIiwiYXVkIjpbImFueWExMjM0NTYiLCJjZXJ0aWZpY2F0aW9uLWF1dGhvcml0eS1tYW5hZ2VtZW50Il0sImp0aSI6IjIzY2NhNmM2LTU1ZDgtNGQ4Ni04MmI1LWEwYjhiYWQ2Zjg0MyIsImlhdCI6MTc0MjIwMjkwMywiZXhwIjoxNzQyMjA2NTAzLCJzY29wZSI6WyJtYW5hZ2UiXX0.EIIygcunDkCccYSV9E8jDNwn5hh-k03e3dR_KFeCiik,node,anya123456SW3ZSJFRDIF9QLF,,,,,application/json;charset=UTF-8,,"""""",anya123456SW3ZSJFRDIF9QLF,application/json;charset=UTF-8,"{""rsp_code"":""0000"",""rsp_msg"":""Success"",""search_timestamp"":""20250317091503"",""org_cnt"":2,""org_list"":[{""id"":""4038a0f9-c51a-4578-b5e7-a3a525bd6135"",""name"":""Bond Bank"",""opType"":""I"",""orgCode"":""bond123456"",""orgType"":""01"",""authType"":""01"",""industry"":""bank"",""serialNum"":""bondserial00"",""createdAt"":""2025-02-12T07:14:10.661Z"",""updatedAt"":""2025-02-12T07:14:10.661Z""},{""id"":""441d9a01-ef41-494f-8743-c55f269827d9"",""name"":""Anya Bank"",""opType"":""I"",""orgCode"":""anya123456"",""orgType"":""01"",""authType"":""01"",""industry"":""bank"",""serialNum"":""anyaserial00"",""createdAt"":""2025-02-12T07:14:09.343Z"",""updatedAt"":""2025-02-12T07:14:09.343Z""}]}",200
2025-03-17T09:15:04.083Z,,http://localhost:3000/api/oauth/2.0/token,POST,,node,anya123456SQGMVP1USFULDTE,,,,,application/x-www-form-urlencoded,164,"{""grant_type"":""client_credentials"",""client_id"":""wcf8rjy6kphudsnea0l3ytkpdhqrvcxz1578m4q7xv9zb2tgca"",""client_secret"":""a0l3ytkpdhqrvcfz926btm4q7xv9zb2tgc8rjy6kphudsnew5o"",""scope"":""ca""}",anya123456SQGMVP1USFULDTE,application/json;charset=UTF-8,"{""rsp_code"":""0000"",""rsp_msg"":""Success"",""token_type"":""Bearer"",""access_token"":""eyJhbGciOiJIUzI1NiIsInR5cCI6IkpXVCJ9.eyJpc3MiOiJjZXJ0aWZpY2F0aW9uLWF1dGhvcml0eSIsInN1YiI6IndjZjhyank2a3BodWRzbmVhMGwzeXRrcGRocXJ2Y3h6MTU3OG00cTd4djl6YjJ0Z2NhIiwiYXVkIjpbImFueWExMjM0NTYiLCJjZXJ0aWZpY2F0aW9uLWF1dGhvcml0eSJdLCJqdGkiOiIzZDE2Nzk1YS0xOWY5LTRiMzUtOTYxMi02MzFmY2MxZjMyZjMiLCJpYXQiOjE3NDIyMDI5MDQsImV4cCI6MTc0MjIwNjUwNCwic2NvcGUiOlsiY2EiXX0.2iCxIYVYif75dxIJNf4ELea_X-hZe3A6mUHldf72spA"",""expires_in"":3600,""scope"":""ca"",""issued_at"":1742202904}",200
2025-03-17T09:15:06.496Z,,http://localhost:3000/api/ca/sign_request,POST,Bearer eyJhbGciOiJIUzI1NiIsInR5cCI6IkpXVCJ9.eyJpc3MiOiJjZXJ0aWZpY2F0aW9uLWF1dGhvcml0eSIsInN1YiI6IndjZjhyank2a3BodWRzbmVhMGwzeXRrcGRocXJ2Y3h6MTU3OG00cTd4djl6YjJ0Z2NhIiwiYXVkIjpbImFueWExMjM0NTYiLCJjZXJ0aWZpY2F0aW9uLWF1dGhvcml0eSJdLCJqdGkiOiIzZDE2Nzk1YS0xOWY5LTRiMzUtOTYxMi02MzFmY2MxZjMyZjMiLCJpYXQiOjE3NDIyMDI5MDQsImV4cCI6MTc0MjIwNjUwNCwic2NvcGUiOlsiY2EiXX0.2iCxIYVYif75dxIJNf4ELea_X-hZe3A6mUHldf72spA,node,anya123456SSLRCEXA88KSYQ2,,,,,application/json;charset=UTF-8,938,"{""sign_tx_id"":""anya123456_certauth00_20250317091506_bondserial00"",""user_ci"":""MjkxNzkx"",""real_name"":""Derek Prohaska"",""phone_num"":""+821030707973"",""request_title"":""Request for Consent to Use Personal Information"",""device_code"":""TB"",""device_browser"":""WB"",""return_app_scheme_url"":""https://anya-bank.com/return"",""consent_type"":""1"",""consent_cnt"":3,""consent_list"":[{""tx_id"":""MD_anya123456_bond123456_ra20250003_certauth00_20250317091506_XXAB00490000"",""consent_title"":""Consent Request for Transmission"",""consent"":""Y29uc2VudC0wMDU="",""consent_len"":16},{""tx_id"":""MD_anya123456_bond123456_ra20250003_certauth00_20250317091506_XXAB00490001"",""consent_title"":""Consent to Collection and Use of Personal Information"",""consent"":""Y29uc2VudC0wMDI="",""consent_len"":16},{""tx_id"":""MD_anya123456_bond123456_ra20250003_certauth00_20250317091506_XXAB00490002"",""consent_title"":""Consent to Provide Personal Information"",""consent"":""Y29uc2VudC0wMDQ="",""consent_len"":16}]}",anya123456SSLRCEXA88KSYQ2,application/json;charset=UTF-8,"{""rsp_code"":""0000"",""rsp_msg"":""Electronic signature request successful, cert_tx_id has been provided."",""sign_ios_app_scheme_url"":""mydataauth://auth?tx_id=2025031709150625539aaafd8e4771987b0d48c5"",""sign_aos_app_scheme_url"":""mydataauth://auth?tx_id=2025031709150625539aaafd8e4771987b0d48c5"",""sign_web_url"":""https://mydataauth.com/auth?tx_id=2025031709150625539aaafd8e4771987b0d48c5"",""cert_tx_id"":""2025031709150625539aaafd8e4771987b0d48c5""}",200
2025-03-17T09:15:10.934Z,,http://localhost:3000/api/ca/sign_result,POST,Bearer eyJhbGciOiJIUzI1NiIsInR5cCI6IkpXVCJ9.eyJpc3MiOiJjZXJ0aWZpY2F0aW9uLWF1dGhvcml0eSIsInN1YiI6IndjZjhyank2a3BodWRzbmVhMGwzeXRrcGRocXJ2Y3h6MTU3OG00cTd4djl6YjJ0Z2NhIiwiYXVkIjpbImFueWExMjM0NTYiLCJjZXJ0aWZpY2F0aW9uLWF1dGhvcml0eSJdLCJqdGkiOiIzZDE2Nzk1YS0xOWY5LTRiMzUtOTYxMi02MzFmY2MxZjMyZjMiLCJpYXQiOjE3NDIyMDI5MDQsImV4cCI6MTc0MjIwNjUwNCwic2NvcGUiOlsiY2EiXX0.2iCxIYVYif75dxIJNf4ELea_X-hZe3A6mUHldf72spA,node,anya123456S45INGSBIIJDABN,,,,,application/json;charset=UTF-8,122,"{""sign_tx_id"":""anya123456_certauth00_20250317091506_bondserial00"",""cert_tx_id"":""2025031709150625539aaafd8e4771987b0d48c5""}",anya123456S45INGSBIIJDABN,application/json;charset=UTF-8,"{""rsp_code"":""0000"",""rsp_msg"":""Success"",""signed_consent_cnt"":3,""signed_consent_list"":[{""signed_consent_len"":212,""signed_consent"":""eyJ0eXBlIjoiU2lnbmVkQ29uc2VudCIsInZlcnNpb24iOiIxLjAiLCJjb25zZW50IjoiWTI5dWMyVnVkQzB3TURVPSIsInRpbWVzdGFtcCI6IjIwMjUtMDMtMTdUMDk6MTU6MTAuNzMwWiIsInByaXZhdGVLZXkiOiJjZXJ0aWZpY2F0aW9uLWF1dGhvcml0eS1wcml2YXRlLWtleSJ9"",""tx_id"":""MD_anya123456_bond123456_ra20250003_certauth00_20250317091506_XXAB00490000"",""user_id"":""3cb8fc7f-4abf-4c40-8702-de93f0f8d5b5"",""certificate_id"":""fbd6d19e-f186-4969-badf-ea58ee424423""},{""signed_consent_len"":212,""signed_consent"":""eyJ0eXBlIjoiU2lnbmVkQ29uc2VudCIsInZlcnNpb24iOiIxLjAiLCJjb25zZW50IjoiWTI5dWMyVnVkQzB3TURJPSIsInRpbWVzdGFtcCI6IjIwMjUtMDMtMTdUMDk6MTU6MTAuNzMwWiIsInByaXZhdGVLZXkiOiJjZXJ0aWZpY2F0aW9uLWF1dGhvcml0eS1wcml2YXRlLWtleSJ9"",""tx_id"":""MD_anya123456_bond123456_ra20250003_certauth00_20250317091506_XXAB00490001"",""user_id"":""3cb8fc7f-4abf-4c40-8702-de93f0f8d5b5"",""certificate_id"":""fbd6d19e-f186-4969-badf-ea58ee424423""},{""signed_consent_len"":212,""signed_consent"":""eyJ0eXBlIjoiU2lnbmVkQ29uc2VudCIsInZlcnNpb24iOiIxLjAiLCJjb25zZW50IjoiWTI5dWMyVnVkQzB3TURRPSIsInRpbWVzdGFtcCI6IjIwMjUtMDMtMTdUMDk6MTU6MTAuNzMwWiIsInByaXZhdGVLZXkiOiJjZXJ0aWZpY2F0aW9uLWF1dGhvcml0eS1wcml2YXRlLWtleSJ9"",""tx_id"":""MD_anya123456_bond123456_ra20250003_certauth00_20250317091506_XXAB00490002"",""user_id"":""3cb8fc7f-4abf-4c40-8702-de93f0f8d5b5"",""certificate_id"":""fbd6d19e-f186-4969-badf-ea58ee424423""}]}",200
2025-03-17T09:15:17.510Z,,http://localhost:3000/api/ca/sign_verification,POST,Bearer eyJhbGciOiJIUzI1NiIsInR5cCI6IkpXVCJ9.eyJhdWQiOiJ3Y2Y4cmp5NmtwaHVkc25lYTBsM3l0a3BkaHFydmN4ejE1NzhtNHE3eHY5emIydGdjYSIsImp0aSI6IjM1OWU4NmZmLTY5MGYtNGIwNi1hZWEyLThlMWIyYTllNDc4OCIsImV4cCI6MTc0MjIwNjUxNSwic2NvcGUiOiJpcCIsImlhdCI6MTc0MjIwMjkxNX0.x_fKz05-pNA7UowUhhUtY8A9OUdjO6i1MSOZefK7vKE,node,anya123456SGMZ3E1VLWTNRKK,,,,,application/json;charset=UTF-8,464,"{""tx_id"":""MD_anya123456_bond123456_ra20250003_certauth00_20250317091506_XXAB00490000"",""cert_tx_id"":""2025031709150625539aaafd8e4771987b0d48c5"",""signed_consent_len"":212,""signed_consent"":""eyJ0eXBlIjoiU2lnbmVkQ29uc2VudCIsInZlcnNpb24iOiIxLjAiLCJjb25zZW50IjoiWTI5dWMyVnVkQzB3TURVPSIsInRpbWVzdGFtcCI6IjIwMjUtMDMtMTdUMDk6MTU6MTAuNzMwWiIsInByaXZhdGVLZXkiOiJjZXJ0aWZpY2F0aW9uLWF1dGhvcml0eS1wcml2YXRlLWtleSJ9"",""consent_type"":""1"",""consent_len"":16,""consent"":""Y29uc2VudC0wMDU=""}",anya123456SGMZ3E1VLWTNRKK,application/json;charset=UTF-8,"{""tx_id"":""MD_anya123456_bond123456_ra20250003_certauth00_20250317091506_XXAB00490000"",""rsp_code"":""0000"",""rsp_msg"":""Success"",""result"":true,""user_ci"":""MjkxNzkx""}",200
2025-03-17T09:15:20.979Z,,http://localhost:3000/api/v2/mgmts/oauth/2.0/token,POST,,node,anya123456SITUSPOFUCK2DFI,,,,,application/x-www-form-urlencoded,168,"{""grant_type"":""client_credentials"",""client_id"":""wcf8rjy6kphudsnea0l3ytkpdhqrvcxz1578m4q7xv9zb2tgca"",""client_secret"":""a0l3ytkpdhqrvcfz926btm4q7xv9zb2tgc8rjy6kphudsnew5o"",""scope"":""manage""}",anya123456SITUSPOFUCK2DFI,application/json;charset=UTF-8,"{""rsp_code"":""0000"",""rsp_msg"":""Success"",""token_type"":""Bearer"",""access_token"":""eyJhbGciOiJIUzI1NiIsInR5cCI6IkpXVCJ9.eyJpc3MiOiJjZXJ0aWZpY2F0aW9uLWF1dGhvcml0eSIsInN1YiI6IndjZjhyank2a3BodWRzbmVhMGwzeXRrcGRocXJ2Y3h6MTU3OG00cTd4djl6YjJ0Z2NhIiwiYXVkIjpbImFueWExMjM0NTYiLCJjZXJ0aWZpY2F0aW9uLWF1dGhvcml0eS1tYW5hZ2VtZW50Il0sImp0aSI6ImZjN2IxYzNhLTNlNDItNDkxZS1iMmIwLTBhNWIxODE0YjEzMCIsImlhdCI6MTc0MjIwMjkyMCwiZXhwIjoxNzQyMjA2NTIwLCJzY29wZSI6WyJtYW5hZ2UiXX0.GbRNZlc782vdYJpgP2YyQV-9M3kHFYEgjFH0V8XFloo"",""expires_in"":3600,""scope"":""manage"",""timestamp"":""20250317091520""}",200
2025-03-17T09:15:21.064Z,,http://localhost:3000/api/v2/mgmts/orgs?search_timestamp=,GET,Bearer eyJhbGciOiJIUzI1NiIsInR5cCI6IkpXVCJ9.eyJpc3MiOiJjZXJ0aWZpY2F0aW9uLWF1dGhvcml0eSIsInN1YiI6IndjZjhyank2a3BodWRzbmVhMGwzeXRrcGRocXJ2Y3h6MTU3OG00cTd4djl6YjJ0Z2NhIiwiYXVkIjpbImFueWExMjM0NTYiLCJjZXJ0aWZpY2F0aW9uLWF1dGhvcml0eS1tYW5hZ2VtZW50Il0sImp0aSI6ImZjN2IxYzNhLTNlNDItNDkxZS1iMmIwLTBhNWIxODE0YjEzMCIsImlhdCI6MTc0MjIwMjkyMCwiZXhwIjoxNzQyMjA2NTIwLCJzY29wZSI6WyJtYW5hZ2UiXX0.GbRNZlc782vdYJpgP2YyQV-9M3kHFYEgjFH0V8XFloo,node,anya123456SR3QDPBJOPWQXY3,,,,,application/json;charset=UTF-8,,"""""",anya123456SR3QDPBJOPWQXY3,application/json;charset=UTF-8,"{""rsp_code"":""0000"",""rsp_msg"":""Success"",""search_timestamp"":""20250317091520"",""org_cnt"":2,""org_list"":[{""id"":""4038a0f9-c51a-4578-b5e7-a3a525bd6135"",""name"":""Bond Bank"",""opType"":""I"",""orgCode"":""bond123456"",""orgType"":""01"",""authType"":""01"",""industry"":""bank"",""serialNum"":""bondserial00"",""createdAt"":""2025-02-12T07:14:10.661Z"",""updatedAt"":""2025-02-12T07:14:10.661Z""},{""id"":""441d9a01-ef41-494f-8743-c55f269827d9"",""name"":""Anya Bank"",""opType"":""I"",""orgCode"":""anya123456"",""orgType"":""01"",""authType"":""01"",""industry"":""bank"",""serialNum"":""anyaserial00"",""createdAt"":""2025-02-12T07:14:09.343Z"",""updatedAt"":""2025-02-12T07:14:09.343Z""}]}",200
2025-03-17T09:15:21.247Z,,http://localhost:3000/api/oauth/2.0/token,POST,,node,anya123456SZNBEIRKNALYSSK,,,,,application/x-www-form-urlencoded,164,"{""grant_type"":""client_credentials"",""client_id"":""wcf8rjy6kphudsnea0l3ytkpdhqrvcxz1578m4q7xv9zb2tgca"",""client_secret"":""a0l3ytkpdhqrvcfz926btm4q7xv9zb2tgc8rjy6kphudsnew5o"",""scope"":""ca""}",anya123456SZNBEIRKNALYSSK,application/json;charset=UTF-8,"{""rsp_code"":""0000"",""rsp_msg"":""Success"",""token_type"":""Bearer"",""access_token"":""eyJhbGciOiJIUzI1NiIsInR5cCI6IkpXVCJ9.eyJpc3MiOiJjZXJ0aWZpY2F0aW9uLWF1dGhvcml0eSIsInN1YiI6IndjZjhyank2a3BodWRzbmVhMGwzeXRrcGRocXJ2Y3h6MTU3OG00cTd4djl6YjJ0Z2NhIiwiYXVkIjpbImFueWExMjM0NTYiLCJjZXJ0aWZpY2F0aW9uLWF1dGhvcml0eSJdLCJqdGkiOiIzODY4MjhjMy05Y2NhLTRjM2QtYTljOC01ZWMyNDExNDI4OGMiLCJpYXQiOjE3NDIyMDI5MjEsImV4cCI6MTc0MjIwNjUyMSwic2NvcGUiOlsiY2EiXX0.K-umHqAQC6b6qaYUwYwdWVsNTvXLq9kIvXquRXM-Wvk"",""expires_in"":3600,""scope"":""ca"",""issued_at"":1742202921}",200
2025-03-17T09:15:23.642Z,,http://localhost:3000/api/ca/sign_request,POST,Bearer eyJhbGciOiJIUzI1NiIsInR5cCI6IkpXVCJ9.eyJpc3MiOiJjZXJ0aWZpY2F0aW9uLWF1dGhvcml0eSIsInN1YiI6IndjZjhyank2a3BodWRzbmVhMGwzeXRrcGRocXJ2Y3h6MTU3OG00cTd4djl6YjJ0Z2NhIiwiYXVkIjpbImFueWExMjM0NTYiLCJjZXJ0aWZpY2F0aW9uLWF1dGhvcml0eSJdLCJqdGkiOiIzODY4MjhjMy05Y2NhLTRjM2QtYTljOC01ZWMyNDExNDI4OGMiLCJpYXQiOjE3NDIyMDI5MjEsImV4cCI6MTc0MjIwNjUyMSwic2NvcGUiOlsiY2EiXX0.K-umHqAQC6b6qaYUwYwdWVsNTvXLq9kIvXquRXM-Wvk,node,anya123456SFS0Y7RR2BSUAQ8,,,,,application/json;charset=UTF-8,953,"{""sign_tx_id"":""anya123456_certauth00_20250317091523_anyaserial00"",""user_ci"":""MTA3NTg4"",""real_name"":""Scot Gusikowski"",""phone_num"":""+821018153537"",""request_title"":""Request for Consent to Use Personal Information for Marketing"",""device_code"":""TB"",""device_browser"":""WB"",""return_app_scheme_url"":""https://anya-bank.com/return"",""consent_type"":""1"",""consent_cnt"":3,""consent_list"":[{""tx_id"":""MD_anya123456_bond123456_ra20250003_certauth00_20250317091523_XXAB00490000"",""consent_title"":""Consent Request for Transmission"",""consent"":""Y29uc2VudC0wMDM="",""consent_len"":16},{""tx_id"":""MD_anya123456_bond123456_ra20250003_certauth00_20250317091523_XXAB00490001"",""consent_title"":""Consent to Collection and Use of Personal Information"",""consent"":""Y29uc2VudC0wMDU="",""consent_len"":16},{""tx_id"":""MD_anya123456_bond123456_ra20250003_certauth00_20250317091523_XXAB00490002"",""consent_title"":""Consent to Provide Personal Information"",""consent"":""Y29uc2VudC0wMDQ="",""consent_len"":16}]}",anya123456SFS0Y7RR2BSUAQ8,application/json;charset=UTF-8,"{""rsp_code"":""0000"",""rsp_msg"":""Electronic signature request successful, cert_tx_id has been provided."",""sign_ios_app_scheme_url"":""mydataauth://auth?tx_id=20250317091523a55e078fe1d242aba496da1830"",""sign_aos_app_scheme_url"":""mydataauth://auth?tx_id=20250317091523a55e078fe1d242aba496da1830"",""sign_web_url"":""https://mydataauth.com/auth?tx_id=20250317091523a55e078fe1d242aba496da1830"",""cert_tx_id"":""20250317091523a55e078fe1d242aba496da1830""}",200
2025-03-17T09:15:28.086Z,,http://localhost:3000/api/ca/sign_result,POST,Bearer eyJhbGciOiJIUzI1NiIsInR5cCI6IkpXVCJ9.eyJpc3MiOiJjZXJ0aWZpY2F0aW9uLWF1dGhvcml0eSIsInN1YiI6IndjZjhyank2a3BodWRzbmVhMGwzeXRrcGRocXJ2Y3h6MTU3OG00cTd4djl6YjJ0Z2NhIiwiYXVkIjpbImFueWExMjM0NTYiLCJjZXJ0aWZpY2F0aW9uLWF1dGhvcml0eSJdLCJqdGkiOiIzODY4MjhjMy05Y2NhLTRjM2QtYTljOC01ZWMyNDExNDI4OGMiLCJpYXQiOjE3NDIyMDI5MjEsImV4cCI6MTc0MjIwNjUyMSwic2NvcGUiOlsiY2EiXX0.K-umHqAQC6b6qaYUwYwdWVsNTvXLq9kIvXquRXM-Wvk,node,anya123456SES4AUFONACAWVE,,,,,application/json;charset=UTF-8,122,"{""sign_tx_id"":""anya123456_certauth00_20250317091523_anyaserial00"",""cert_tx_id"":""20250317091523a55e078fe1d242aba496da1830""}",anya123456SES4AUFONACAWVE,application/json;charset=UTF-8,"{""rsp_code"":""0000"",""rsp_msg"":""Success"",""signed_consent_cnt"":3,""signed_consent_list"":[{""signed_consent_len"":212,""signed_consent"":""eyJ0eXBlIjoiU2lnbmVkQ29uc2VudCIsInZlcnNpb24iOiIxLjAiLCJjb25zZW50IjoiWTI5dWMyVnVkQzB3TURNPSIsInRpbWVzdGFtcCI6IjIwMjUtMDMtMTdUMDk6MTU6MjcuODk5WiIsInByaXZhdGVLZXkiOiJjZXJ0aWZpY2F0aW9uLWF1dGhvcml0eS1wcml2YXRlLWtleSJ9"",""tx_id"":""MD_anya123456_bond123456_ra20250003_certauth00_20250317091523_XXAB00490000"",""user_id"":""676ddc89-1eef-49ed-8c97-d8c61968c7eb"",""certificate_id"":""1375aba9-4a41-49a0-8e66-e6e19c919f1d""},{""signed_consent_len"":212,""signed_consent"":""eyJ0eXBlIjoiU2lnbmVkQ29uc2VudCIsInZlcnNpb24iOiIxLjAiLCJjb25zZW50IjoiWTI5dWMyVnVkQzB3TURVPSIsInRpbWVzdGFtcCI6IjIwMjUtMDMtMTdUMDk6MTU6MjcuODk5WiIsInByaXZhdGVLZXkiOiJjZXJ0aWZpY2F0aW9uLWF1dGhvcml0eS1wcml2YXRlLWtleSJ9"",""tx_id"":""MD_anya123456_bond123456_ra20250003_certauth00_20250317091523_XXAB00490001"",""user_id"":""676ddc89-1eef-49ed-8c97-d8c61968c7eb"",""certificate_id"":""1375aba9-4a41-49a0-8e66-e6e19c919f1d""},{""signed_consent_len"":212,""signed_consent"":""eyJ0eXBlIjoiU2lnbmVkQ29uc2VudCIsInZlcnNpb24iOiIxLjAiLCJjb25zZW50IjoiWTI5dWMyVnVkQzB3TURRPSIsInRpbWVzdGFtcCI6IjIwMjUtMDMtMTdUMDk6MTU6MjcuODk5WiIsInByaXZhdGVLZXkiOiJjZXJ0aWZpY2F0aW9uLWF1dGhvcml0eS1wcml2YXRlLWtleSJ9"",""tx_id"":""MD_anya123456_bond123456_ra20250003_certauth00_20250317091523_XXAB00490002"",""user_id"":""676ddc89-1eef-49ed-8c97-d8c61968c7eb"",""certificate_id"":""1375aba9-4a41-49a0-8e66-e6e19c919f1d""}]}",200
